<?xml version="1.0" encoding="windows-1252"?>
<!--  This file conforms to the DTD xdc/bld/release.dtd -->
<release name="" label="" date="" buildCount="" producerId="">
<package name="custom.hpdspua.evmc6678l"
    version=""/>
<imports>
</imports>
<references>
    <package name="xdc"
        version="1, 1, 1, 1296067138040"
        providerId="xdccore">
        <file name="IPackage.xdc"/>
        <file name="IPackage.xs"/>
        <file name="om2.xs"/>
        <file name="package.xs"/>
        <file name="template.xs"/>
        <file name="xdc.tci"/>
        <file name="xmlgen.xs"/>
        <file name="xmlgen2.xs"/>
    </package>
    <package name="xdc.services.intern.gen"
        version="1, 0, 0, 0, 1296067167409"
        providerId="xdccore">
        <file name="java\package.jar"/>
    </package>
    <package name="xdc.shelf"
        version="1, 0, 0, 1296067183156"
        providerId="xdccore">
        <file name="java\antlr.jar"/>
        <file name="java\ecj.jar"/>
        <file name="java\js.jar"/>
        <file name="java\jsr173_api.jar"/>
        <file name="java\tar.jar"/>
        <file name="java\xbean.jar"/>
    </package>
    <package name="xdc.bld"
        version="1, 0, 2, 1296067145322"
        providerId="xdccore">
        <file name="BuildEnvironment.xs"/>
        <file name="Executable.xs"/>
        <file name="ITarget.xs"/>
        <file name="ITargetFilter.xs"/>
        <file name="Library.xs"/>
        <file name="Manifest.xs"/>
        <file name="PackageContents.xs"/>
        <file name="Repository.xs"/>
        <file name="Script.xs"/>
        <file name="Utils.xs"/>
        <file name="_gen.xs"/>
        <file name="bld.js"/>
        <file name="package.xs"/>
    </package>
    <package name="xdc.services.global"
        version="1, 0, 0, 1296067163160"
        providerId="xdccore">
        <file name="Clock.xs"/>
        <file name="Trace.xs"/>
        <file name="java\package.jar"/>
    </package>
    <package name="ti.platforms.generic"
        version="1, 0, 0, 1, 1295284444509"
        providerId="xdccore">
        <file name="Platform.xdc"/>
    </package>
    <package name="xdc.services.spec"
        version="1, 0, 0, 0, 1296067176223"
        providerId="xdccore">
        <file name="java\package.jar"/>
    </package>
    <package name="xdc.platform"
        version="1, 0, 1, 0, 1296067148996"
        providerId="xdccore">
        <file name="ICpuDataSheet.xdc"/>
        <file name="IExeContext.xdc"/>
        <file name="IPeripheral.xdc"/>
        <file name="IPlatform.xdc"/>
    </package>
    <package name="xdc.services.intern.cmd"
        version="1, 0, 0, 0, 1296067166701"
        providerId="xdccore">
        <file name="java\package.jar"/>
    </package>
    <package name="xdc.services.intern.xsr"
        version="1, 0, 0, 1296067167705"
        providerId="xdccore">
        <file name="java\package.jar"/>
    </package>
    <xdcRoot base="C:/Program Files/Texas Instruments/ccsv5/xdctools_3_20_08_88/">
        <file name="/packages/xdc/package.xdc"/>
        <file name="include\utils.tci"/>
        <xdcCorePkg version="16, 0, 2, 0, 1296067145243" producerId="undefined" buildCount="286" releaseName="xdc_corevers" label="default" date="1296067145243"/>
    </xdcRoot>
</references>
<orphans>
</orphans>
</release>
